{
  "r1": {
    "a": 3.115762854651661,
    "b": -2.0674185000028005
  },
  "r2": {
    "a": 12.593793404158555,
    "b": 0.10792243465901963
  },
  "val_r1_prob_range": [
    0.1123,
    1.0
  ],
  "val_r2_prob_range": [
    0.527,
    0.9996
  ],
  "val_set_size": 3100,
  "p_llm_correct": 0.856
}