{
  "r1": {
    "a": 3.0857959598713776,
    "b": -2.047877524196515
  },
  "r2": {
    "a": 8.056678766241914,
    "b": 0.5429916493093544
  },
  "val_r1_prob_range": [
    0.1143,
    1.0
  ],
  "val_r2_prob_range": [
    0.6325,
    0.9957
  ],
  "val_set_size": 3100,
  "p_llm_correct": 0.856
}